Introduction to Animal Psychology Certificate: Pets Behavior	Recusandae qui ut numquam. Nesciunt eum quaerat blanditiis dolore facilis a.	Best Seller	1.2	38	1545	Mrs. Gracie Schaefer	March, Tuesday 2004	English, Korean	http://lorempixel.com/640/480	39.99	9.99	16.5	4	4273	
Weightlifting Mechanics and Levers	Quae excepturi non alias quaerat. Recusandae laudantium mollitia debitis corporis sit deleniti incidunt.	Hot & New	1.8	6	680	Pearlie Howe	May, Sunday 2001	English	http://lorempixel.com/640/480	58.99	6.99	26.4	7	1683	
Artificial Intelligence with Python	Inventore minus rerum doloremque voluptas. Commodi magni quae earum harum atque ad aliquid minima quisquam.	Highest Rated	2.3	11	2490	Zena Littel	August, Saturday 2001	English, Korean	http://lorempixel.com/640/480	28.99	8.99	18.8	3	2667	ILOVEUDEMO
How to Train a Puppy	Eveniet esse libero unde odit omnis voluptas accusantium adipisci nam. Dolore necessitatibus aut consequuntur facilis quasi.	Highest Rated	1.5	78	3891	Layla Boyle I	August, Monday 2012	English	http://lorempixel.com/640/480	39.99	9.99	24.4	12	3848	
Patient Billing Best Practices	Atque vel facere et aut commodi laborum assumenda rem consequuntur. Autem et aut inventore qui sed.	Hot & New	4.6	66	1796	Willis Marvin II	November, Sunday 2017	English, Korean	http://lorempixel.com/640/480	30.99	6.99	19.5	14	463	ILOVEUDEMO
Take Your JavaScript to the Next Level	Totam aut ut dolor cum aut. Aliquam est id similique.	null	2.5	62	6559	Jacquelyn Graham	February, Tuesday 2007	English, Japanese	http://lorempixel.com/640/480	42.99	8.99	12.4	1	826	ILOVEUDEMO
Learn to Speak Vietnamese Like a Native	Quia aut fugit magni est delectus. Earum velit unde quae occaecati nihil quidem quaerat laudantium.	Highest Rated	1.4	99	228	Mathew Funk II	March, Friday 2015	English, Japanese	http://lorempixel.com/640/480	46.99	6.99	18.6	5	8931	
Deploying Your First Site on Heroku	Enim consequatur quia sed non. Aliquam autem cupiditate rem perspiciatis.	null	1.9	24	287	Xzavier Murray	December, Friday 2006	English, Japanese	http://lorempixel.com/640/480	38.99	7.99	28.4	9	7779	
How to treat your pet like a vet (against ticks and fleas)	Sed ut quisquam itaque omnis temporibus voluptas vitae. Tempora ut et veniam placeat.	Highest Rated	1.3	64	2662	Lafayette Tremblay II	September, Saturday 2016	English, Mandarin	http://lorempixel.com/640/480	39.99	6.99	23.2	12	3747	
Successful Russian Tortoise Care and Husbandry	Perferendis hic aut fugit in esse eligendi in quia. Pariatur quam quo occaecati nihil veniam quaerat eaque similique sequi.	Highest Rated	4.3	20	771	Wiley Dietrich	December, Saturday 2012	English, Korean	http://lorempixel.com/640/480	52.99	5.99	20.9	5	7562	
Learn Matlab - Data Analysis for Large Data Sets	Voluptatibus dolore dolores deleniti. Nihil aspernatur ut et fuga rem hic.	Hot & New	3.1	43	2750	Sibyl Marquardt	October, Friday 2006	English	http://lorempixel.com/640/480	28.99	8.99	14.2	11	6375	ILOVEUDEMO
How to Crate Train Your Dog/Puppy & Train an Aggressive Dog	Ut reiciendis a quas pariatur. Velit perferendis earum.	New	3.3	54	4363	Ms. Annetta Ratke	June, Sunday 2013	English, Korean	http://lorempixel.com/640/480	20.99	8.99	21.3	12	9741	ILOVEUDEMO
FAANG Interview Guide	Hic unde hic voluptatem tempora iusto. Fugiat dignissimos ullam est expedita deserunt ut eum rerum voluptas.	Hot & New	4.0	72	8619	Mrs. Lydia Johnston	November, Monday 2006	English, Japanese	http://lorempixel.com/640/480	41.99	9.99	13.0	13	6995	ILOVEUDEMO
Data Visualition with Matlab	Recusandae nam omnis ad architecto sit autem non ipsa. Et non explicabo sunt culpa.	Hot & New	4.9	8	7495	Julie Nitzsche	April, Monday 2015	English, Spanish	http://lorempixel.com/640/480	37.99	8.99	23.8	12	8792	ILOVEUDEMO
Medicine and Engineering - A History of Saving Lives	Est dolorem eaque reprehenderit id quaerat sit tempore magnam corrupti. Et qui aut doloribus recusandae.	null	3.6	15	6438	Lucio Cummings Sr.	October, Saturday 2013	English, Japanese	http://lorempixel.com/640/480	40.99	8.99	17.3	2	8364	ILOVEUDEMO
C# for Dummies	Nemo enim aut exercitationem et consequuntur ullam. Quod reiciendis quia architecto aperiam iste aut cum.	null	2.9	55	2327	Keegan Kuvalis	May, Tuesday 2015	English, Korean	http://lorempixel.com/640/480	57.99	6.99	20.5	14	2796	ILOVEUDEMO
American Sign Language Level 1	Ipsam eius optio eum dicta enim. Facere magnam distinctio qui similique non.	New	4.2	87	1461	Michaela Champlin	May, Sunday 2010	English, Korean	http://lorempixel.com/640/480	24.99	5.99	17.8	14	5965	
Angular Front to Back	Natus consequuntur quia totam explicabo nesciunt pariatur eaque ea. Non cumque voluptatem.	Highest Rated	1.7	83	5316	Elda Luettgen	June, Sunday 2017	English, Korean	http://lorempixel.com/640/480	10.99	8.99	22.6	4	7896	
FAANG Interview Guide	Voluptatem quasi sed ut et vel aliquam ut. Incidunt molestiae fugit occaecati nobis.	Highest Rated	3.1	22	7123	Calista Hessel	May, Saturday 2013	English, Mandarin	http://lorempixel.com/640/480	21.99	6.99	12.6	11	247	ILOVEUDEMO
Telepathic Animal Healing 101	Quia quaerat numquam cupiditate qui suscipit est et facere qui. Perferendis rem nihil sunt repellat et et nihil distinctio molestias.	Best Seller	4.4	24	8422	Jessyca Mertz	October, Saturday 2014	English, Spanish	http://lorempixel.com/640/480	25.99	5.99	29.2	5	3155	ILOVEUDEMO
